,Deepsets (large avoid),Deepsets (15M),GCN (15M)
,successes_mean,successes_mean,successes_mean
1,0.9347962382445141,0.838871473354232,0.8313479623824451
2,0.6120689655172413,0.5941379310344828,0.7648275862068965
3,0.40421455938697315,0.44367816091954027,0.6340996168582376
4,0.27241379310344827,0.30689655172413793,0.39741379310344827
5,0.19704433497536947,0.22660098522167488,0.33497536945812806
