,Deepsets (large avoid),Deepsets (15M),GCN (15M)
,successes_mean,successes_mean,successes_mean
1,0.9642633228840126,0.9059561128526646,0.8476489028213167
2,0.7772413793103448,0.6444827586206897,0.7727586206896552
3,0.5187739463601533,0.45478927203065134,0.668199233716475
4,0.2646551724137931,0.2853448275862069,0.4146551724137931
5,0.10344827586206896,0.1083743842364532,0.3842364532019704
