,GCN,GCN,Deepsets,Deepsets,Deepsets (prop training),Deepsets (prop training)
,successes_mean,successes_std,successes_mean,successes_std,successes_mean,successes_std
3,0.9898119122257053,0.0006502653451257143,0.9910658307210032,0.0012528347330653992,0.9981191222570532,0.00029285952187102076
4,0.9853709508881923,0.0007761560634359534,0.9790316962730756,0.0021337383351175262,0.9965865552072448,0.00041449318777574823
5,0.9804075235109718,0.0008805325577990002,0.9559386973180076,0.00349051256800711,0.9948624172762104,0.000545058501431553
6,0.9749216300940439,0.0009607820146271309,0.9169278996865203,0.005012405284616315,0.9930959844752948,0.0006450902831721297
7,0.9689132706374085,0.001012552840043353,0.863984674329502,0.006209027793477393,0.9918582375478927,0.0006665117530694969
8,0.9623824451410659,0.001029283814873037,0.8050853361198189,0.006799038241249845,0.9915012190874261,0.0006044909921201244
9,0.9553291536050156,0.0010006220182452502,0.7474921630094044,0.006788203560173206,0.991692789968652,0.000520969805906428
