,GCN,GCN,Deepsets,Deepsets,Deepsets (prop training),Deepsets (prop training)
,successes_mean,successes_std,successes_mean,successes_std,successes_mean,successes_std
3,0.9235109717868338,0.003114677931199136,0.9605015673981192,0.0028808051376266216,0.9376175548589342,0.002730349576041388
4,0.8909787530477186,0.0037039140031507453,0.9284569836293974,0.0040807915422704415,0.9086729362591431,0.003348206090389263
5,0.8562347614071751,0.004191062513619368,0.8861459421804249,0.005199652213913455,0.877917102055033,0.0037948058086293766
6,0.819376026272578,0.004564766939314454,0.8342289894014032,0.006150952933117623,0.8463949843260189,0.004071028278387256
7,0.7804771856495994,0.0048069823844710076,0.7736851271334031,0.006883073538707365,0.8139585510275166,0.0042055142522922345
8,0.7396029258098223,0.004893711257146,0.7049111807732497,0.007392741618937622,0.7804249390456287,0.004175188010805895
9,0.6967084639498432,0.00478439636183105,0.6268025078369905,0.0076792960374479635,0.7478056426332289,0.0038972433140328317
