,Deepsets (large avoid),Deepsets (15M),GCN (15M)
,successes_mean,successes_mean,successes_mean
1,0.9467084639498432,0.9266457680250784,0.8470219435736677
2,0.7510344827586207,0.6741379310344828,0.7889655172413793
3,0.5440613026819924,0.4475095785440613,0.6524904214559386
4,0.39999999999999997,0.25517241379310346,0.3948275862068965
5,0.20689655172413793,0.1083743842364532,0.31527093596059114
