,GCN,GCN,Deepsets,Deepsets,Deepsets (prop training),Deepsets (prop training)
,successes_mean,successes_std,successes_mean,successes_std,successes_mean,successes_std
3,0.9445141065830721,0.0026495974388839297,0.9581504702194357,0.0021997754674902216,0.8938871473354232,0.005782933793139578
4,0.9127133402995472,0.0033687994012914254,0.914176245210728,0.004437386366169613,0.8321142459073494,0.007365327593459528
5,0.8755660048763497,0.004158421215093337,0.8486154649947754,0.006440598683690765,0.7663270637408568,0.008303609309197508
6,0.831765935214211,0.005023240053192974,0.7708240035826243,0.007691810492639158,0.6971936109867145,0.008882094205272646
7,0.7796064089167537,0.005876847635519343,0.6886973180076628,0.008188648601740064,0.6241292232671543,0.009286006963530428
8,0.7176593521421107,0.006576370102801674,0.6032741205154998,0.008036170892409194,0.5478230581678857,0.009514536442498299
9,0.6454545454545455,0.006941936735735387,0.5137931034482759,0.007181858270235475,0.4688087774294671,0.009545867357626763
