Task Set,Task ID,Successes x/6,Avg Steps,Avg Discounted Return
Avoid 2,A2_1,4,2.5,0.646932
Avoid 2,A2_2,1,3.0,0.16006666666666666
Avoid 2,A2_3,4,4.25,0.6243880533333334
Avoid 2,A2_4,2,2.5,0.32339999999999997
Avoid 2,A2_5,0,,0.0
Avoid 2,A2_6,5,2.6,0.8068666666666666
Avoid 3,A3_1,0,,0.0
Avoid 3,A3_2,0,,0.0
Avoid 3,A3_3,0,,0.0
Avoid 3,A3_4,0,,0.0
Avoid 4,A4_1,0,,0.0
Avoid 4,A4_2,0,,0.0
