,Deepsets (large avoid),Deepsets (15M),GCN (15M)
,successes_mean,successes_mean,successes_mean
1,0.968025078369906,0.9479623824451411,0.8884012539184952
2,0.8551724137931035,0.7217241379310345,0.789655172413793
3,0.6233716475095786,0.5053639846743295,0.6839080459770115
4,0.35603448275862065,0.28879310344827586,0.4603448275862069
5,0.1724137931034483,0.0935960591133005,0.3891625615763547
