,Deepsets (large avoid),Deepsets (15M),GCN (15M),Deepsets (formula)
,successes_mean,successes_mean,successes_mean,successes_mean
1,0.968025078369906,0.9479623824451412,0.8884012539184952,0.942319749216301
2,0.8551724137931035,0.7217241379310345,0.789655172413793,0.8806896551724137
3,0.6233716475095786,0.5053639846743295,0.6839080459770115,0.7337164750957854
4,0.3560344827586206,0.2887931034482758,0.4603448275862069,0.5612068965517241
5,0.1724137931034483,0.0935960591133005,0.3891625615763547,0.3793103448275862
