,Deepsets (large avoid),Deepsets (15M),GCN (15M)
,successes_mean,successes_mean,successes_mean
1,0.8815047021943573,0.954858934169279,0.890282131661442
2,0.7037931034482758,0.8358620689655172,0.8151724137931035
3,0.5130268199233716,0.5969348659003831,0.6900383141762453
4,0.34051724137931033,0.35172413793103446,0.4732758620689655
5,0.24630541871921183,0.1921182266009852,0.374384236453202
